[{
  "label": "HTML",
  "color": "#FFBE41",
  "data": [
    ["1", 5],
    ["2", 10],
    ["3", 6],
    ["4", 7],
    ["5", 5],
    ["6", 3],
    ["7", 1]
  ]
}, {
  "label": "CSS",
  "color": "#F57035",
  "data": [
    ["1", 5],
    ["2", 6],
    ["3", 2],
    ["4", 0],
    ["5", 7],
    ["6", 9],
    ["7", 4]
  ]
}, {
  "label": "JS",
  "color": "#ff3e43",
  "data": [
    ["1", 5],
    ["2", 6],
    ["3", 3],
    ["4", 4],
    ["5", 7],
    ["6", 2],
    ["7", 1]
  ]
}]