[{
  "label": "Serie1",
  "color": "#FFBE41",
  "data": [
    ["Jan", 56],
    ["Feb", 81],
    ["Mar", 97],
    ["Apr", 44],
    ["May", 24],
    ["Jun", 85],
    ["Jul", 94],
    ["Aug", 78],
    ["Sep", 52],
    ["Oct", 17],
    ["Nov", 90],
    ["Dec", 62]
  ]
}, {
  "label": "Serie2",
  "color": "#937fc7",
  "data": [
    ["Jan", 69],
    ["Feb", 135],
    ["Mar", 14],
    ["Apr", 100],
    ["May", 100],
    ["Jun", 62],
    ["Jul", 115],
    ["Aug", 22],
    ["Sep", 104],
    ["Oct", 132],
    ["Nov", 72],
    ["Dec", 61]
  ]
}, {
  "label": "Serie3",
  "color": "#00b4ff",
  "data": [
    ["Jan", 29],
    ["Feb", 36],
    ["Mar", 47],
    ["Apr", 21],
    ["May", 5],
    ["Jun", 49],
    ["Jul", 37],
    ["Aug", 44],
    ["Sep", 28],
    ["Oct", 9],
    ["Nov", 12],
    ["Dec", 35]
  ]
}]  