[{
  "label": "Campaing1",
  "color": "#1d93d9",
  "data": [
    ["1", 28],
    ["2", 30],
    ["3", 32],
    ["4", 33],
    ["5", 33],
    ["6", 32],
    ["7", 31],
    ["8", 30],
    ["9", 29],
    ["10", 28],
    ["11", 28],
    ["12", 29],
    ["13", 30],
    ["14", 29],
    ["15", 28]
  ]
}, {
  "label": "Campaing2",
  "color": "#43a8eb",
  "data": [
    ["1", 12],
    ["2", 14],
    ["3", 20],
    ["4", 16],
    ["5", 18],
    ["6", 14],
    ["7", 19],
    ["8", 24],
    ["9", 18],
    ["10", 14],
    ["11", 16],
    ["12", 15],
    ["13", 14],
    ["14", 16],
    ["15", 18]
  ]
}, {
  "label": "Campaing3",
  "color": "#1C242D",
  "data": [
    ["1", 6],
    ["2", 8],
    ["3", 7],
    ["4", 6],
    ["5", 7],
    ["6", 10],
    ["7", 9],
    ["8", 8],
    ["9", 10],
    ["10", 9],
    ["11", 6],
    ["12", 8],
    ["13", 9],
    ["14", 10],
    ["15", 10]
  ]
}]