[{
  "label": "Serie 1",
  "color": "#1d93d9",
  "data": [
    ["1", 28],
    ["2", 29],
    ["3", 32],
    ["4", 33],
    ["5", 33],
    ["6", 32],
    ["7", 31],
    ["8", 30],
    ["9", 29],
    ["10", 28],
    ["11", 29],
    ["12", 27],
    ["13", 18],
    ["14", 17],
    ["15", 19],
    ["16", 27],
    ["17", 25],
    ["18", 32],
    ["19", 32],
    ["20", 32]
  ]
}, {
  "label": "Serie 2",
  "color": "#00b4ff",
  "data": [
    ["1", 12],
    ["2", 18],
    ["3", 24],
    ["4", 28],
    ["5", 30],
    ["6", 29],
    ["7", 20],
    ["8", 15],
    ["9", 14],
    ["10", 12],
    ["11", 11],
    ["12", 13],
    ["13", 16],
    ["14", 22],
    ["15", 18],
    ["16", 25],
    ["17", 27],
    ["18", 30],
    ["19", 34],
    ["20", 35]
  ]
}, {
  "label": "Serie 3",
  "color": "#21dab1",
  "data": [
    ["1", 0],
    ["2", 0],
    ["3", 0],
    ["4", 0],
    ["5", 0],
    ["6", 12],
    ["7", 14],
    ["8", 12],
    ["9", 18],
    ["10", 21],
    ["11", 24],
    ["12", 29],
    ["13", 33],
    ["14", 28],
    ["15", 30],
    ["16", 33],
    ["17", 36]
  ]
}]